accuracy,precision,recall,f1,roc_auc,test_generator
0.96,0.9914529914529915,0.928,0.9586776859504132,0.994576,sdv5
0.965,0.9915433403805497,0.938,0.9640287769784173,0.9958560000000001,glide
0.8875552221388681,0.8562231759656652,0.9314657328664332,0.8922610015174507,0.9573097104107609,general
0.903,0.9038076152304609,0.902,0.9029029029029029,0.962548,vqdm
0.951,0.9727463312368972,0.928,0.9498464687819856,0.9945440000000001,midjourney
0.927,0.9244532803180915,0.93,0.9272183449651047,0.974772,adm
0.957,0.9935205183585313,0.92,0.9553478712357217,0.996964,biggan
0.958,0.9935344827586207,0.922,0.9564315352697096,0.9970800000000001,wukong
