accuracy,precision,recall,f1,roc_auc
0.8875552221388681,0.8562231759656652,0.9314657328664332,0.8922610015174507,0.9573097104107609
