accuracy,precision,recall,f1,roc_auc
0.7280986913395016,0.6591782097543941,0.9443054860763715,0.7763915547024952,0.8775358512589627
