model,accuracy,precision,recall,f1
resnet18,0.9992857142857144,0.9985734664764622,1.0,0.9992862241256244
